<?xml version="1.0" encoding="UTF-8" ?>
<extension type="package" version="2.5" method="upgrade">
	<name>PKG_CLEF</name>
	<packagename>clef</packagename>
	<license>http://www.gnu.org/licenses/gpl-2.0.html GNU/GPL</license>
	<version>1.0.1.543</version>
	<author>Anything Digital</author>
	<authorEmail>admin@anything-digital.com</authorEmail>
	<authorUrl>http://anything-digital.com</authorUrl>
	<creationDate>2015-05-08</creationDate>
	<description>PKG_CLEF_DESCRIPTION</description>
	<scriptfile>clef.install.php</scriptfile>
	<files folder="packages">
		<file type="component" id="com_clef">com_clef_1.0.1.543.zip</file>
		<file type="module" id="mod_clef" client="site">mod_clef_1.0.1.543.zip</file>
		<file type="module" id="mod_clefadmin" client="administrator">mod_clefadmin_1.0.1.543.zip</file>
		<file type="plugin" id="clef" group="authentication">plg_authentication_clef_1.0.1.543.zip</file>
		<file type="plugin" id="clef" group="system">plg_system_clef_1.0.1.543.zip</file>
	</files>
	<languages folder="language">
		<language tag="en-GB">en-GB/en-GB.pkg_clef.sys.ini</language>
	</languages>
	<updateservers>
		<server type="collection" priority="1" name="clef">http://anything-digital.com/update/clef/list_stable.xml</server>
	</updateservers>
</extension>
